"","Estimate","Std. Error","df","t value","Pr(>|t|)"
"(Intercept)",0.211925867379735,0.0229341335318731,67.1073073351276,9.24063109187045,1.40121581652928e-13
"scale((dg.2006.cm))",-0.0709566995321146,0.00570344584737057,2948.46491925137,-12.4410227485245,1.14292692646191e-34
"scale(BA.above2011)",-0.105355479353056,0.0126338995439259,2931.77604652809,-8.33911010505921,1.13649316312688e-16
"C.Cerrado..G.generalist.G",0.0625179042427732,0.0295706875366557,60.9909965723971,2.11418500720608,0.0385957812223914
"poly(PC1, 2)1",1.84855986687587,0.654475523728161,2931.78804483783,2.82449045053009,0.0047675910953287
"poly(PC1, 2)2",-2.10894861651818,0.407939057565993,2949.58906378973,-5.1697639081225,2.50037410776317e-07
"poly(PC2, 2)1",1.60723262294539,0.361024234221323,2949.99922624575,4.45186907303315,8.82841803599419e-06
"poly(PC2, 2)2",-2.34765313925171,0.577290034274873,2947.1918472072,-4.0666787920574,4.89369516054694e-05
"scale(BA.above2011):C.Cerrado..G.generalist.G",-0.0308444404302372,0.0129264860261308,2906.5934162083,-2.38614271255818,0.0170897875683895
