"","Estimate","Std. Error","z value","Pr(>|z|)"
"(Intercept)",-3.32391270554745,0.450414645388286,-7.37967279612329,1.5867901568444e-13
"log(dg.2006.cm)",-0.222799955720417,0.149158963750768,-1.49370812264891,0.135251924573458
"BA.above2006",1.61425758861311,0.21778413857999,7.41219080112303,1.24229847904439e-13
"C.Cerrado..G.generalist.G",0.446880545213132,0.304254296482441,1.468773162383,0.141894325642156
"poly(PC1, 2)1",-3.71905894210691,4.15305934537498,-0.895498627114156,0.370520599360048
"poly(PC1, 2)2",16.0716379029626,4.08535537818477,3.93396324559252,8.35565658707871e-05
"BA.above2006:C.Cerrado..G.generalist.G",-0.72572228925761,0.219343947232461,-3.3086041279657,0.000937623108471547
