"","Estimate","Std. Error","df","t value","Pr(>|t|)"
"(Intercept)",0.109337483777421,0.0270138239297634,73.8714720934425,4.04746414508738,0.000126183675439694
"scale(H.2006)",-0.130158910892411,0.0119170400961568,478.820857387931,-10.9220838263678,6.00778259673065e-25
"scale(BA.above2006)",-0.0570366429971601,0.0160832867832709,993.77997406493,-3.54633003600279,0.000408859576034775
"C.Cerrado..G.generalist.G",0.0601201852229742,0.0271091684125183,79.6030439396565,2.21770672962481,0.02942560786752
"poly(PC1, 2)1",4.92240653635399,1.87270991409567,33.2269064292332,2.62849387366597,0.0128861356417927
"poly(PC1, 2)2",-1.36536512655884,1.24007110449165,24.5376908269173,-1.10103777244173,0.281564158477156
"poly(PC2, 2)1",0.548684377265126,1.17798454857114,20.8697581834977,0.465782321109953,0.64619574329911
"poly(PC2, 2)2",-5.1951407102386,1.71065521284234,27.000450329499,-3.03693033595392,0.00524729239469132
"scale(BA.above2006):C.Cerrado..G.generalist.G",0.00488958293028017,0.0111266276307717,3213.1986213625,0.439448779319045,0.660365939646347
