"","Estimate","Std. Error","df","t value","Pr(>|t|)"
"(Intercept)",0.0965125335927714,0.0184851924354884,80.4756654373415,5.22107270073552,1.36124122362188e-06
"scale(H.2011..m.)",-0.0614611332802174,0.0101272224932315,161.805208370725,-6.06890322803656,8.83002405772983e-09
"scale(BA.above2011)",-0.0239208192262378,0.0139317028440802,410.442671006298,-1.71700613298698,0.0867324382375821
"C.Cerrado..G.generalist.G",0.0687781387948297,0.0191151456134477,78.7252723595786,3.59809651392053,0.000558077387302295
"poly(PC1, 2)1",4.04787474107774,1.36789199029385,32.8757966769578,2.9592064065001,0.00568116897632414
"poly(PC1, 2)2",-1.00540264447157,0.850841515431163,25.0403242868908,-1.18165677889152,0.248442955861959
"poly(PC2, 2)1",0.0656643582523011,0.776205694415567,20.0534116253652,0.0845965943366882,0.933420972896195
"poly(PC2, 2)2",-2.65520020670604,1.28752026092246,26.9351438476854,-2.06225896965977,0.0489500136227037
"scale(BA.above2011):C.Cerrado..G.generalist.G",-0.0199775284982282,0.00995253366390862,3639.45716416093,-2.00728067574127,0.0447935900509134
